-- V3__insert_world_countries.sql
-- Migration gerada automaticamente com 36 paises do mundo a partir do CSV validado

-- =======================================================
-- 1. NOVOS PAISES
-- =======================================================
INSERT IGNORE INTO countries (id, name, iso_code, image_url, latitude, longitude, continent) VALUES
(14, 'Estados Unidos', 'US', '/images/countries/us.png', 37.0902, -95.7129, 'NORTH_AMERICA'),
(15, 'Canadá', 'CA', '/images/countries/ca.png', 56.1304, -106.3468, 'NORTH_AMERICA'),
(16, 'México', 'MX', '/images/countries/mx.png', 23.6345, -102.5528, 'NORTH_AMERICA'),
(17, 'Alemanha', 'DE', '/images/countries/de.png', 51.1657, 10.4515, 'EUROPE'),
(18, 'França', 'FR', '/images/countries/fr.png', 46.2276, 2.2137, 'EUROPE'),
(19, 'Espanha', 'ES', '/images/countries/es.png', 40.4637, -3.7492, 'EUROPE'),
(20, 'Suíça', 'CH', '/images/countries/ch.png', 46.8182, 8.2275, 'EUROPE'),
(21, 'Itália', 'IT', '/images/countries/it.png', 41.8719, 12.5674, 'EUROPE'),
(22, 'Reino Unido', 'GB', '/images/countries/gb.png', 55.3781, -3.436, 'EUROPE'),
(23, 'Rússia', 'RU', '/images/countries/ru.png', 61.524, 105.3188, 'EUROPE'),
(24, 'China', 'CN', '/images/countries/cn.png', 35.8617, 104.1954, 'ASIA'),
(25, 'Índia', 'IN', '/images/countries/in.png', 20.5937, 78.9629, 'ASIA'),
(26, 'Japão', 'JP', '/images/countries/jp.png', 36.2048, 138.2529, 'ASIA'),
(27, 'Coreia do Sul', 'KR', '/images/countries/kr.png', 35.9078, 127.7669, 'ASIA'),
(28, 'Tailândia', 'TH', '/images/countries/th.png', 15.87, 100.9925, 'ASIA'),
(29, 'Indonésia', 'ID', '/images/countries/id.png', -0.7893, 113.9213, 'ASIA'),
(30, 'Nova Zelândia', 'NZ', '/images/countries/nz.png', -40.9006, 174.886, 'OCEANIA'),
(31, 'Egito', 'EG', '/images/countries/eg.png', 26.8206, 30.8025, 'AFRICA'),
(32, 'África do Sul', 'ZA', '/images/countries/za.png', -30.5595, 22.9375, 'AFRICA'),
(33, 'Turquia', 'TR', '/images/countries/tr.png', 38.9637, 35.2433, 'ASIA'),
(34, 'Austrália', 'AU', '/images/countries/au.png', -25.2744, 133.7751, 'OCEANIA'),
(35, 'Nigéria', 'NG', '/images/countries/ng.png', 9.082, 8.6753, 'AFRICA'),
(36, 'Arábia Saudita', 'SA', '/images/countries/sa.png', 23.8859, 45.0792, 'ASIA');

-- =======================================================
-- 2. NOVAS PERGUNTAS
-- =======================================================
INSERT IGNORE INTO questions (id, text, category, helper_image_url) VALUES
(16, 'Este país fica no hemisfério norte?', 'GEOGRAFIA', NULL),
(17, 'Este país fica no hemisfério ocidental?', 'GEOGRAFIA', NULL),
(18, 'Este é um país predominantemente tropical?', 'GEOGRAFIA', NULL),
(19, 'Esse país é uma ilha ou país insular?', 'GEOGRAFIA', NULL),
(20, 'Este país faz parte do Velho Mundo (Europa, Ásia ou África)?', 'GEOGRAFIA', NULL),
(21, 'Este país fica na Europa?', 'GEOGRAFIA', NULL),
(22, 'Este país fica na Ásia?', 'GEOGRAFIA', NULL),
(23, 'Este país fica na África?', 'GEOGRAFIA', NULL),
(24, 'Este país fica na América do Norte ou Central?', 'GEOGRAFIA', NULL),
(25, 'Este país fica na América do Sul?', 'GEOGRAFIA', NULL),
(26, 'Este país fica na Oceania?', 'GEOGRAFIA', NULL),
(27, 'A população do país é superior a 50 milhões de habitantes?', 'POPULACAO', NULL),
(28, 'Este país tem área territorial maior que 1 milhão de km²?', 'GEOGRAFIA', NULL),
(29, 'Este país não possui costa marítima (sem saída para o mar)?', 'GEOGRAFIA', NULL),
(30, 'O espanhol é um dos idiomas oficiais?', 'CULTURA', NULL),
(31, 'O inglês é um dos idiomas oficiais?', 'CULTURA', NULL),
(32, 'O árabe é um dos idiomas oficiais?', 'CULTURA', NULL),
(33, 'O português é o idioma oficial?', 'CULTURA', NULL),
(34, 'Este país é membro da União Europeia?', 'POLITICA', NULL),
(35, 'Este país é membro do G20?', 'ECONOMIA', NULL),
(36, 'O país possui uma monarquia (reinante)?', 'POLITICA', NULL),
(37, 'Neste país a condução de veículos é pela esquerda (mão inglesa)?', 'CULTURA', NULL),
(38, 'O país utiliza predominantemente um alfabeto ou escrita não-latina?', 'CULTURA', NULL),
(39, 'A religião predominante no país é o islamismo?', 'CULTURA', NULL);

-- =======================================================
-- 3. CARACTERISTICAS GLOBAIS (GABARITO)
-- =======================================================

-- Q16: Este país fica no hemisfério norte?
INSERT IGNORE INTO country_features (country_id, question_id, is_true, iso_code) VALUES
(1, 16, false, 'BR'),
(14, 16, true, 'US'),
(15, 16, true, 'CA'),
(16, 16, true, 'MX'),
(2, 16, false, 'AR'),
(6, 16, false, 'CL'),
(7, 16, false, 'PE'),
(9, 16, true, 'CO'),
(5, 16, false, 'BO'),
(17, 16, true, 'DE'),
(18, 16, true, 'FR'),
(19, 16, true, 'ES'),
(20, 16, true, 'CH'),
(21, 16, true, 'IT'),
(22, 16, true, 'GB'),
(23, 16, true, 'RU'),
(24, 16, true, 'CN'),
(25, 16, true, 'IN'),
(26, 16, true, 'JP'),
(27, 16, true, 'KR'),
(28, 16, true, 'TH'),
(29, 16, false, 'ID'),
(30, 16, false, 'NZ'),
(31, 16, true, 'EG'),
(32, 16, false, 'ZA'),
(33, 16, true, 'TR'),
(34, 16, false, 'AU'),
(35, 16, true, 'NG'),
(36, 16, true, 'SA'),
(8, 16, false, 'EC'),
(3, 16, false, 'UY'),
(4, 16, false, 'PY'),
(10, 16, true, 'VE'),
(11, 16, true, 'GY'),
(12, 16, true, 'SR'),
(13, 16, true, 'GF');

-- Q17: Este país fica no hemisfério ocidental?
INSERT IGNORE INTO country_features (country_id, question_id, is_true, iso_code) VALUES
(1, 17, true, 'BR'),
(14, 17, true, 'US'),
(15, 17, true, 'CA'),
(16, 17, true, 'MX'),
(2, 17, true, 'AR'),
(6, 17, true, 'CL'),
(7, 17, true, 'PE'),
(9, 17, true, 'CO'),
(5, 17, true, 'BO'),
(17, 17, false, 'DE'),
(18, 17, false, 'FR'),
(19, 17, false, 'ES'),
(20, 17, false, 'CH'),
(21, 17, false, 'IT'),
(22, 17, true, 'GB'),
(23, 17, false, 'RU'),
(24, 17, false, 'CN'),
(25, 17, false, 'IN'),
(26, 17, false, 'JP'),
(27, 17, false, 'KR'),
(28, 17, false, 'TH'),
(29, 17, false, 'ID'),
(30, 17, false, 'NZ'),
(31, 17, false, 'EG'),
(32, 17, false, 'ZA'),
(33, 17, false, 'TR'),
(34, 17, false, 'AU'),
(35, 17, false, 'NG'),
(36, 17, false, 'SA'),
(8, 17, true, 'EC'),
(3, 17, true, 'UY'),
(4, 17, true, 'PY'),
(10, 17, true, 'VE'),
(11, 17, true, 'GY'),
(12, 17, true, 'SR'),
(13, 17, true, 'GF');

-- Q18: Este é um país predominantemente tropical?
INSERT IGNORE INTO country_features (country_id, question_id, is_true, iso_code) VALUES
(1, 18, true, 'BR'),
(14, 18, false, 'US'),
(15, 18, false, 'CA'),
(16, 18, true, 'MX'),
(2, 18, false, 'AR'),
(6, 18, false, 'CL'),
(7, 18, true, 'PE'),
(9, 18, true, 'CO'),
(5, 18, true, 'BO'),
(17, 18, false, 'DE'),
(18, 18, false, 'FR'),
(19, 18, false, 'ES'),
(20, 18, false, 'CH'),
(21, 18, false, 'IT'),
(22, 18, false, 'GB'),
(23, 18, false, 'RU'),
(24, 18, false, 'CN'),
(25, 18, true, 'IN'),
(26, 18, false, 'JP'),
(27, 18, false, 'KR'),
(28, 18, true, 'TH'),
(29, 18, true, 'ID'),
(30, 18, false, 'NZ'),
(31, 18, false, 'EG'),
(32, 18, false, 'ZA'),
(33, 18, false, 'TR'),
(34, 18, false, 'AU'),
(35, 18, true, 'NG'),
(36, 18, false, 'SA'),
(8, 18, true, 'EC'),
(3, 18, false, 'UY'),
(4, 18, true, 'PY'),
(10, 18, true, 'VE'),
(11, 18, true, 'GY'),
(12, 18, true, 'SR'),
(13, 18, true, 'GF');

-- Q19: Esse país é uma ilha ou país insular?
INSERT IGNORE INTO country_features (country_id, question_id, is_true, iso_code) VALUES
(1, 19, false, 'BR'),
(14, 19, false, 'US'),
(15, 19, false, 'CA'),
(16, 19, false, 'MX'),
(2, 19, false, 'AR'),
(6, 19, false, 'CL'),
(7, 19, false, 'PE'),
(9, 19, false, 'CO'),
(5, 19, false, 'BO'),
(17, 19, false, 'DE'),
(18, 19, false, 'FR'),
(19, 19, false, 'ES'),
(20, 19, false, 'CH'),
(21, 19, false, 'IT'),
(22, 19, true, 'GB'),
(23, 19, false, 'RU'),
(24, 19, false, 'CN'),
(25, 19, false, 'IN'),
(26, 19, true, 'JP'),
(27, 19, false, 'KR'),
(28, 19, false, 'TH'),
(29, 19, true, 'ID'),
(30, 19, true, 'NZ'),
(31, 19, false, 'EG'),
(32, 19, false, 'ZA'),
(33, 19, false, 'TR'),
(34, 19, false, 'AU'),
(35, 19, false, 'NG'),
(36, 19, false, 'SA'),
(8, 19, false, 'EC'),
(3, 19, false, 'UY'),
(4, 19, false, 'PY'),
(10, 19, false, 'VE'),
(11, 19, false, 'GY'),
(12, 19, false, 'SR'),
(13, 19, false, 'GF');

-- Q20: Este país faz parte do Velho Mundo (Europa, Ásia ou África)?
INSERT IGNORE INTO country_features (country_id, question_id, is_true, iso_code) VALUES
(1, 20, false, 'BR'),
(14, 20, false, 'US'),
(15, 20, false, 'CA'),
(16, 20, false, 'MX'),
(2, 20, false, 'AR'),
(6, 20, false, 'CL'),
(7, 20, false, 'PE'),
(9, 20, false, 'CO'),
(5, 20, false, 'BO'),
(17, 20, true, 'DE'),
(18, 20, true, 'FR'),
(19, 20, true, 'ES'),
(20, 20, true, 'CH'),
(21, 20, true, 'IT'),
(22, 20, true, 'GB'),
(23, 20, true, 'RU'),
(24, 20, true, 'CN'),
(25, 20, true, 'IN'),
(26, 20, true, 'JP'),
(27, 20, true, 'KR'),
(28, 20, true, 'TH'),
(29, 20, true, 'ID'),
(30, 20, false, 'NZ'),
(31, 20, true, 'EG'),
(32, 20, true, 'ZA'),
(33, 20, true, 'TR'),
(34, 20, false, 'AU'),
(35, 20, true, 'NG'),
(36, 20, true, 'SA'),
(8, 20, false, 'EC'),
(3, 20, false, 'UY'),
(4, 20, false, 'PY'),
(10, 20, false, 'VE'),
(11, 20, false, 'GY'),
(12, 20, false, 'SR'),
(13, 20, false, 'GF');

-- Q21: Este país fica na Europa?
INSERT IGNORE INTO country_features (country_id, question_id, is_true, iso_code) VALUES
(1, 21, false, 'BR'),
(14, 21, false, 'US'),
(15, 21, false, 'CA'),
(16, 21, false, 'MX'),
(2, 21, false, 'AR'),
(6, 21, false, 'CL'),
(7, 21, false, 'PE'),
(9, 21, false, 'CO'),
(5, 21, false, 'BO'),
(17, 21, true, 'DE'),
(18, 21, true, 'FR'),
(19, 21, true, 'ES'),
(20, 21, true, 'CH'),
(21, 21, true, 'IT'),
(22, 21, true, 'GB'),
(23, 21, true, 'RU'),
(24, 21, false, 'CN'),
(25, 21, false, 'IN'),
(26, 21, false, 'JP'),
(27, 21, false, 'KR'),
(28, 21, false, 'TH'),
(29, 21, false, 'ID'),
(30, 21, false, 'NZ'),
(31, 21, false, 'EG'),
(32, 21, false, 'ZA'),
(33, 21, true, 'TR'),
(34, 21, false, 'AU'),
(35, 21, false, 'NG'),
(36, 21, false, 'SA'),
(8, 21, false, 'EC'),
(3, 21, false, 'UY'),
(4, 21, false, 'PY'),
(10, 21, false, 'VE'),
(11, 21, false, 'GY'),
(12, 21, false, 'SR'),
(13, 21, false, 'GF');

-- Q22: Este país fica na Ásia?
INSERT IGNORE INTO country_features (country_id, question_id, is_true, iso_code) VALUES
(1, 22, false, 'BR'),
(14, 22, false, 'US'),
(15, 22, false, 'CA'),
(16, 22, false, 'MX'),
(2, 22, false, 'AR'),
(6, 22, false, 'CL'),
(7, 22, false, 'PE'),
(9, 22, false, 'CO'),
(5, 22, false, 'BO'),
(17, 22, false, 'DE'),
(18, 22, false, 'FR'),
(19, 22, false, 'ES'),
(20, 22, false, 'CH'),
(21, 22, false, 'IT'),
(22, 22, false, 'GB'),
(23, 22, true, 'RU'),
(24, 22, true, 'CN'),
(25, 22, true, 'IN'),
(26, 22, true, 'JP'),
(27, 22, true, 'KR'),
(28, 22, true, 'TH'),
(29, 22, true, 'ID'),
(30, 22, false, 'NZ'),
(31, 22, true, 'EG'),
(32, 22, false, 'ZA'),
(33, 22, true, 'TR'),
(34, 22, false, 'AU'),
(35, 22, false, 'NG'),
(36, 22, true, 'SA'),
(8, 22, false, 'EC'),
(3, 22, false, 'UY'),
(4, 22, false, 'PY'),
(10, 22, false, 'VE'),
(11, 22, false, 'GY'),
(12, 22, false, 'SR'),
(13, 22, false, 'GF');

-- Q23: Este país fica na África?
INSERT IGNORE INTO country_features (country_id, question_id, is_true, iso_code) VALUES
(1, 23, false, 'BR'),
(14, 23, false, 'US'),
(15, 23, false, 'CA'),
(16, 23, false, 'MX'),
(2, 23, false, 'AR'),
(6, 23, false, 'CL'),
(7, 23, false, 'PE'),
(9, 23, false, 'CO'),
(5, 23, false, 'BO'),
(17, 23, false, 'DE'),
(18, 23, false, 'FR'),
(19, 23, false, 'ES'),
(20, 23, false, 'CH'),
(21, 23, false, 'IT'),
(22, 23, false, 'GB'),
(23, 23, false, 'RU'),
(24, 23, false, 'CN'),
(25, 23, false, 'IN'),
(26, 23, false, 'JP'),
(27, 23, false, 'KR'),
(28, 23, false, 'TH'),
(29, 23, false, 'ID'),
(30, 23, false, 'NZ'),
(31, 23, true, 'EG'),
(32, 23, true, 'ZA'),
(33, 23, false, 'TR'),
(34, 23, false, 'AU'),
(35, 23, true, 'NG'),
(36, 23, false, 'SA'),
(8, 23, false, 'EC'),
(3, 23, false, 'UY'),
(4, 23, false, 'PY'),
(10, 23, false, 'VE'),
(11, 23, false, 'GY'),
(12, 23, false, 'SR'),
(13, 23, false, 'GF');

-- Q24: Este país fica na América do Norte ou Central?
INSERT IGNORE INTO country_features (country_id, question_id, is_true, iso_code) VALUES
(1, 24, false, 'BR'),
(14, 24, true, 'US'),
(15, 24, true, 'CA'),
(16, 24, true, 'MX'),
(2, 24, false, 'AR'),
(6, 24, false, 'CL'),
(7, 24, false, 'PE'),
(9, 24, false, 'CO'),
(5, 24, false, 'BO'),
(17, 24, false, 'DE'),
(18, 24, false, 'FR'),
(19, 24, false, 'ES'),
(20, 24, false, 'CH'),
(21, 24, false, 'IT'),
(22, 24, false, 'GB'),
(23, 24, false, 'RU'),
(24, 24, false, 'CN'),
(25, 24, false, 'IN'),
(26, 24, false, 'JP'),
(27, 24, false, 'KR'),
(28, 24, false, 'TH'),
(29, 24, false, 'ID'),
(30, 24, false, 'NZ'),
(31, 24, false, 'EG'),
(32, 24, false, 'ZA'),
(33, 24, false, 'TR'),
(34, 24, false, 'AU'),
(35, 24, false, 'NG'),
(36, 24, false, 'SA'),
(8, 24, false, 'EC'),
(3, 24, false, 'UY'),
(4, 24, false, 'PY'),
(10, 24, false, 'VE'),
(11, 24, false, 'GY'),
(12, 24, false, 'SR'),
(13, 24, false, 'GF');

-- Q25: Este país fica na América do Sul?
INSERT IGNORE INTO country_features (country_id, question_id, is_true, iso_code) VALUES
(1, 25, true, 'BR'),
(14, 25, false, 'US'),
(15, 25, false, 'CA'),
(16, 25, false, 'MX'),
(2, 25, true, 'AR'),
(6, 25, true, 'CL'),
(7, 25, true, 'PE'),
(9, 25, true, 'CO'),
(5, 25, true, 'BO'),
(17, 25, false, 'DE'),
(18, 25, false, 'FR'),
(19, 25, false, 'ES'),
(20, 25, false, 'CH'),
(21, 25, false, 'IT'),
(22, 25, false, 'GB'),
(23, 25, false, 'RU'),
(24, 25, false, 'CN'),
(25, 25, false, 'IN'),
(26, 25, false, 'JP'),
(27, 25, false, 'KR'),
(28, 25, false, 'TH'),
(29, 25, false, 'ID'),
(30, 25, false, 'NZ'),
(31, 25, false, 'EG'),
(32, 25, false, 'ZA'),
(33, 25, false, 'TR'),
(34, 25, false, 'AU'),
(35, 25, false, 'NG'),
(36, 25, false, 'SA'),
(8, 25, true, 'EC'),
(3, 25, true, 'UY'),
(4, 25, true, 'PY'),
(10, 25, true, 'VE'),
(11, 25, true, 'GY'),
(12, 25, true, 'SR'),
(13, 25, true, 'GF');

-- Q26: Este país fica na Oceania?
INSERT IGNORE INTO country_features (country_id, question_id, is_true, iso_code) VALUES
(1, 26, false, 'BR'),
(14, 26, false, 'US'),
(15, 26, false, 'CA'),
(16, 26, false, 'MX'),
(2, 26, false, 'AR'),
(6, 26, false, 'CL'),
(7, 26, false, 'PE'),
(9, 26, false, 'CO'),
(5, 26, false, 'BO'),
(17, 26, false, 'DE'),
(18, 26, false, 'FR'),
(19, 26, false, 'ES'),
(20, 26, false, 'CH'),
(21, 26, false, 'IT'),
(22, 26, false, 'GB'),
(23, 26, false, 'RU'),
(24, 26, false, 'CN'),
(25, 26, false, 'IN'),
(26, 26, false, 'JP'),
(27, 26, false, 'KR'),
(28, 26, false, 'TH'),
(29, 26, true, 'ID'),
(30, 26, true, 'NZ'),
(31, 26, false, 'EG'),
(32, 26, false, 'ZA'),
(33, 26, false, 'TR'),
(34, 26, true, 'AU'),
(35, 26, false, 'NG'),
(36, 26, false, 'SA'),
(8, 26, false, 'EC'),
(3, 26, false, 'UY'),
(4, 26, false, 'PY'),
(10, 26, false, 'VE'),
(11, 26, false, 'GY'),
(12, 26, false, 'SR'),
(13, 26, false, 'GF');

-- Q27: A população do país é superior a 50 milhões de habitantes?
INSERT IGNORE INTO country_features (country_id, question_id, is_true, iso_code) VALUES
(1, 27, true, 'BR'),
(14, 27, true, 'US'),
(15, 27, false, 'CA'),
(16, 27, true, 'MX'),
(2, 27, false, 'AR'),
(6, 27, false, 'CL'),
(7, 27, false, 'PE'),
(9, 27, true, 'CO'),
(5, 27, false, 'BO'),
(17, 27, true, 'DE'),
(18, 27, true, 'FR'),
(19, 27, false, 'ES'),
(20, 27, false, 'CH'),
(21, 27, true, 'IT'),
(22, 27, true, 'GB'),
(23, 27, true, 'RU'),
(24, 27, true, 'CN'),
(25, 27, true, 'IN'),
(26, 27, true, 'JP'),
(27, 27, true, 'KR'),
(28, 27, true, 'TH'),
(29, 27, true, 'ID'),
(30, 27, false, 'NZ'),
(31, 27, true, 'EG'),
(32, 27, true, 'ZA'),
(33, 27, true, 'TR'),
(34, 27, false, 'AU'),
(35, 27, true, 'NG'),
(36, 27, false, 'SA'),
(8, 27, false, 'EC'),
(3, 27, false, 'UY'),
(4, 27, false, 'PY'),
(10, 27, false, 'VE'),
(11, 27, false, 'GY'),
(12, 27, false, 'SR'),
(13, 27, false, 'GF');

-- Q28: Este país tem área territorial maior que 1 milhão de km²?
INSERT IGNORE INTO country_features (country_id, question_id, is_true, iso_code) VALUES
(1, 28, true, 'BR'),
(14, 28, true, 'US'),
(15, 28, true, 'CA'),
(16, 28, true, 'MX'),
(2, 28, true, 'AR'),
(6, 28, false, 'CL'),
(7, 28, true, 'PE'),
(9, 28, true, 'CO'),
(5, 28, true, 'BO'),
(17, 28, false, 'DE'),
(18, 28, false, 'FR'),
(19, 28, false, 'ES'),
(20, 28, false, 'CH'),
(21, 28, false, 'IT'),
(22, 28, false, 'GB'),
(23, 28, true, 'RU'),
(24, 28, true, 'CN'),
(25, 28, true, 'IN'),
(26, 28, false, 'JP'),
(27, 28, false, 'KR'),
(28, 28, false, 'TH'),
(29, 28, true, 'ID'),
(30, 28, false, 'NZ'),
(31, 28, true, 'EG'),
(32, 28, true, 'ZA'),
(33, 28, false, 'TR'),
(34, 28, true, 'AU'),
(35, 28, false, 'NG'),
(36, 28, true, 'SA'),
(8, 28, false, 'EC'),
(3, 28, false, 'UY'),
(4, 28, false, 'PY'),
(10, 28, false, 'VE'),
(11, 28, false, 'GY'),
(12, 28, false, 'SR'),
(13, 28, false, 'GF');

-- Q29: Este país não possui costa marítima (sem saída para o mar)?
INSERT IGNORE INTO country_features (country_id, question_id, is_true, iso_code) VALUES
(1, 29, false, 'BR'),
(14, 29, false, 'US'),
(15, 29, false, 'CA'),
(16, 29, false, 'MX'),
(2, 29, false, 'AR'),
(6, 29, false, 'CL'),
(7, 29, false, 'PE'),
(9, 29, false, 'CO'),
(5, 29, true, 'BO'),
(17, 29, false, 'DE'),
(18, 29, false, 'FR'),
(19, 29, false, 'ES'),
(20, 29, true, 'CH'),
(21, 29, false, 'IT'),
(22, 29, false, 'GB'),
(23, 29, false, 'RU'),
(24, 29, false, 'CN'),
(25, 29, false, 'IN'),
(26, 29, false, 'JP'),
(27, 29, false, 'KR'),
(28, 29, false, 'TH'),
(29, 29, false, 'ID'),
(30, 29, false, 'NZ'),
(31, 29, false, 'EG'),
(32, 29, false, 'ZA'),
(33, 29, false, 'TR'),
(34, 29, false, 'AU'),
(35, 29, false, 'NG'),
(36, 29, false, 'SA'),
(8, 29, false, 'EC'),
(3, 29, false, 'UY'),
(4, 29, true, 'PY'),
(10, 29, false, 'VE'),
(11, 29, false, 'GY'),
(12, 29, false, 'SR'),
(13, 29, false, 'GF');

-- Q30: O espanhol é um dos idiomas oficiais?
INSERT IGNORE INTO country_features (country_id, question_id, is_true, iso_code) VALUES
(1, 30, false, 'BR'),
(14, 30, false, 'US'),
(15, 30, false, 'CA'),
(16, 30, true, 'MX'),
(2, 30, true, 'AR'),
(6, 30, true, 'CL'),
(7, 30, true, 'PE'),
(9, 30, true, 'CO'),
(5, 30, true, 'BO'),
(17, 30, false, 'DE'),
(18, 30, false, 'FR'),
(19, 30, true, 'ES'),
(20, 30, false, 'CH'),
(21, 30, false, 'IT'),
(22, 30, false, 'GB'),
(23, 30, false, 'RU'),
(24, 30, false, 'CN'),
(25, 30, false, 'IN'),
(26, 30, false, 'JP'),
(27, 30, false, 'KR'),
(28, 30, false, 'TH'),
(29, 30, false, 'ID'),
(30, 30, false, 'NZ'),
(31, 30, false, 'EG'),
(32, 30, false, 'ZA'),
(33, 30, false, 'TR'),
(34, 30, false, 'AU'),
(35, 30, false, 'NG'),
(36, 30, false, 'SA'),
(8, 30, true, 'EC'),
(3, 30, true, 'UY'),
(4, 30, true, 'PY'),
(10, 30, true, 'VE'),
(11, 30, false, 'GY'),
(12, 30, false, 'SR'),
(13, 30, false, 'GF');

-- Q31: O inglês é um dos idiomas oficiais?
INSERT IGNORE INTO country_features (country_id, question_id, is_true, iso_code) VALUES
(1, 31, false, 'BR'),
(14, 31, true, 'US'),
(15, 31, true, 'CA'),
(16, 31, false, 'MX'),
(2, 31, false, 'AR'),
(6, 31, false, 'CL'),
(7, 31, false, 'PE'),
(9, 31, false, 'CO'),
(5, 31, false, 'BO'),
(17, 31, false, 'DE'),
(18, 31, false, 'FR'),
(19, 31, false, 'ES'),
(20, 31, false, 'CH'),
(21, 31, false, 'IT'),
(22, 31, true, 'GB'),
(23, 31, false, 'RU'),
(24, 31, false, 'CN'),
(25, 31, true, 'IN'),
(26, 31, false, 'JP'),
(27, 31, false, 'KR'),
(28, 31, false, 'TH'),
(29, 31, false, 'ID'),
(30, 31, true, 'NZ'),
(31, 31, false, 'EG'),
(32, 31, true, 'ZA'),
(33, 31, false, 'TR'),
(34, 31, true, 'AU'),
(35, 31, true, 'NG'),
(36, 31, false, 'SA'),
(8, 31, false, 'EC'),
(3, 31, false, 'UY'),
(4, 31, false, 'PY'),
(10, 31, false, 'VE'),
(11, 31, true, 'GY'),
(12, 31, false, 'SR'),
(13, 31, false, 'GF');

-- Q32: O árabe é um dos idiomas oficiais?
INSERT IGNORE INTO country_features (country_id, question_id, is_true, iso_code) VALUES
(1, 32, false, 'BR'),
(14, 32, false, 'US'),
(15, 32, false, 'CA'),
(16, 32, false, 'MX'),
(2, 32, false, 'AR'),
(6, 32, false, 'CL'),
(7, 32, false, 'PE'),
(9, 32, false, 'CO'),
(5, 32, false, 'BO'),
(17, 32, false, 'DE'),
(18, 32, false, 'FR'),
(19, 32, false, 'ES'),
(20, 32, false, 'CH'),
(21, 32, false, 'IT'),
(22, 32, false, 'GB'),
(23, 32, false, 'RU'),
(24, 32, false, 'CN'),
(25, 32, false, 'IN'),
(26, 32, false, 'JP'),
(27, 32, false, 'KR'),
(28, 32, false, 'TH'),
(29, 32, false, 'ID'),
(30, 32, false, 'NZ'),
(31, 32, true, 'EG'),
(32, 32, false, 'ZA'),
(33, 32, false, 'TR'),
(34, 32, false, 'AU'),
(35, 32, false, 'NG'),
(36, 32, true, 'SA'),
(8, 32, false, 'EC'),
(3, 32, false, 'UY'),
(4, 32, false, 'PY'),
(10, 32, false, 'VE'),
(11, 32, false, 'GY'),
(12, 32, false, 'SR'),
(13, 32, false, 'GF');

-- Q33: O português é o idioma oficial?
INSERT IGNORE INTO country_features (country_id, question_id, is_true, iso_code) VALUES
(1, 33, true, 'BR'),
(14, 33, false, 'US'),
(15, 33, false, 'CA'),
(16, 33, false, 'MX'),
(2, 33, false, 'AR'),
(6, 33, false, 'CL'),
(7, 33, false, 'PE'),
(9, 33, false, 'CO'),
(5, 33, false, 'BO'),
(17, 33, false, 'DE'),
(18, 33, false, 'FR'),
(19, 33, false, 'ES'),
(20, 33, false, 'CH'),
(21, 33, false, 'IT'),
(22, 33, false, 'GB'),
(23, 33, false, 'RU'),
(24, 33, false, 'CN'),
(25, 33, false, 'IN'),
(26, 33, false, 'JP'),
(27, 33, false, 'KR'),
(28, 33, false, 'TH'),
(29, 33, false, 'ID'),
(30, 33, false, 'NZ'),
(31, 33, false, 'EG'),
(32, 33, false, 'ZA'),
(33, 33, false, 'TR'),
(34, 33, false, 'AU'),
(35, 33, false, 'NG'),
(36, 33, false, 'SA'),
(8, 33, false, 'EC'),
(3, 33, false, 'UY'),
(4, 33, false, 'PY'),
(10, 33, false, 'VE'),
(11, 33, false, 'GY'),
(12, 33, false, 'SR'),
(13, 33, false, 'GF');

-- Q34: Este país é membro da União Europeia?
INSERT IGNORE INTO country_features (country_id, question_id, is_true, iso_code) VALUES
(1, 34, false, 'BR'),
(14, 34, false, 'US'),
(15, 34, false, 'CA'),
(16, 34, false, 'MX'),
(2, 34, false, 'AR'),
(6, 34, false, 'CL'),
(7, 34, false, 'PE'),
(9, 34, false, 'CO'),
(5, 34, false, 'BO'),
(17, 34, true, 'DE'),
(18, 34, true, 'FR'),
(19, 34, true, 'ES'),
(20, 34, false, 'CH'),
(21, 34, true, 'IT'),
(22, 34, false, 'GB'),
(23, 34, false, 'RU'),
(24, 34, false, 'CN'),
(25, 34, false, 'IN'),
(26, 34, false, 'JP'),
(27, 34, false, 'KR'),
(28, 34, false, 'TH'),
(29, 34, false, 'ID'),
(30, 34, false, 'NZ'),
(31, 34, false, 'EG'),
(32, 34, false, 'ZA'),
(33, 34, false, 'TR'),
(34, 34, false, 'AU'),
(35, 34, false, 'NG'),
(36, 34, false, 'SA'),
(8, 34, false, 'EC'),
(3, 34, false, 'UY'),
(4, 34, false, 'PY'),
(10, 34, false, 'VE'),
(11, 34, false, 'GY'),
(12, 34, false, 'SR'),
(13, 34, true, 'GF');

-- Q35: Este país é membro do G20?
INSERT IGNORE INTO country_features (country_id, question_id, is_true, iso_code) VALUES
(1, 35, true, 'BR'),
(14, 35, true, 'US'),
(15, 35, true, 'CA'),
(16, 35, true, 'MX'),
(2, 35, true, 'AR'),
(6, 35, false, 'CL'),
(7, 35, false, 'PE'),
(9, 35, false, 'CO'),
(5, 35, false, 'BO'),
(17, 35, true, 'DE'),
(18, 35, true, 'FR'),
(19, 35, false, 'ES'),
(20, 35, false, 'CH'),
(21, 35, true, 'IT'),
(22, 35, true, 'GB'),
(23, 35, true, 'RU'),
(24, 35, true, 'CN'),
(25, 35, true, 'IN'),
(26, 35, true, 'JP'),
(27, 35, true, 'KR'),
(28, 35, false, 'TH'),
(29, 35, true, 'ID'),
(30, 35, false, 'NZ'),
(31, 35, false, 'EG'),
(32, 35, true, 'ZA'),
(33, 35, true, 'TR'),
(34, 35, true, 'AU'),
(35, 35, false, 'NG'),
(36, 35, true, 'SA'),
(8, 35, false, 'EC'),
(3, 35, false, 'UY'),
(4, 35, false, 'PY'),
(10, 35, false, 'VE'),
(11, 35, false, 'GY'),
(12, 35, false, 'SR'),
(13, 35, false, 'GF');

-- Q36: O país possui uma monarquia (reinante)?
INSERT IGNORE INTO country_features (country_id, question_id, is_true, iso_code) VALUES
(1, 36, false, 'BR'),
(14, 36, false, 'US'),
(15, 36, true, 'CA'),
(16, 36, false, 'MX'),
(2, 36, false, 'AR'),
(6, 36, false, 'CL'),
(7, 36, false, 'PE'),
(9, 36, false, 'CO'),
(5, 36, false, 'BO'),
(17, 36, false, 'DE'),
(18, 36, false, 'FR'),
(19, 36, true, 'ES'),
(20, 36, false, 'CH'),
(21, 36, false, 'IT'),
(22, 36, true, 'GB'),
(23, 36, false, 'RU'),
(24, 36, false, 'CN'),
(25, 36, false, 'IN'),
(26, 36, true, 'JP'),
(27, 36, false, 'KR'),
(28, 36, true, 'TH'),
(29, 36, false, 'ID'),
(30, 36, true, 'NZ'),
(31, 36, false, 'EG'),
(32, 36, false, 'ZA'),
(33, 36, false, 'TR'),
(34, 36, true, 'AU'),
(35, 36, false, 'NG'),
(36, 36, true, 'SA'),
(8, 36, false, 'EC'),
(3, 36, false, 'UY'),
(4, 36, false, 'PY'),
(10, 36, false, 'VE'),
(11, 36, false, 'GY'),
(12, 36, false, 'SR'),
(13, 36, false, 'GF');

-- Q37: Neste país a condução de veículos é pela esquerda (mão inglesa)?
INSERT IGNORE INTO country_features (country_id, question_id, is_true, iso_code) VALUES
(1, 37, false, 'BR'),
(14, 37, false, 'US'),
(15, 37, false, 'CA'),
(16, 37, false, 'MX'),
(2, 37, false, 'AR'),
(6, 37, false, 'CL'),
(7, 37, false, 'PE'),
(9, 37, false, 'CO'),
(5, 37, false, 'BO'),
(17, 37, false, 'DE'),
(18, 37, false, 'FR'),
(19, 37, false, 'ES'),
(20, 37, false, 'CH'),
(21, 37, false, 'IT'),
(22, 37, true, 'GB'),
(23, 37, false, 'RU'),
(24, 37, false, 'CN'),
(25, 37, true, 'IN'),
(26, 37, true, 'JP'),
(27, 37, false, 'KR'),
(28, 37, true, 'TH'),
(29, 37, true, 'ID'),
(30, 37, true, 'NZ'),
(31, 37, false, 'EG'),
(32, 37, true, 'ZA'),
(33, 37, false, 'TR'),
(34, 37, true, 'AU'),
(35, 37, false, 'NG'),
(36, 37, false, 'SA'),
(8, 37, false, 'EC'),
(3, 37, false, 'UY'),
(4, 37, false, 'PY'),
(10, 37, false, 'VE'),
(11, 37, true, 'GY'),
(12, 37, true, 'SR'),
(13, 37, false, 'GF');

-- Q38: O país utiliza predominantemente um alfabeto ou escrita não-latina?
INSERT IGNORE INTO country_features (country_id, question_id, is_true, iso_code) VALUES
(1, 38, false, 'BR'),
(14, 38, false, 'US'),
(15, 38, false, 'CA'),
(16, 38, false, 'MX'),
(2, 38, false, 'AR'),
(6, 38, false, 'CL'),
(7, 38, false, 'PE'),
(9, 38, false, 'CO'),
(5, 38, false, 'BO'),
(17, 38, false, 'DE'),
(18, 38, false, 'FR'),
(19, 38, false, 'ES'),
(20, 38, false, 'CH'),
(21, 38, false, 'IT'),
(22, 38, false, 'GB'),
(23, 38, true, 'RU'),
(24, 38, true, 'CN'),
(25, 38, true, 'IN'),
(26, 38, true, 'JP'),
(27, 38, true, 'KR'),
(28, 38, true, 'TH'),
(29, 38, false, 'ID'),
(30, 38, false, 'NZ'),
(31, 38, true, 'EG'),
(32, 38, false, 'ZA'),
(33, 38, false, 'TR'),
(34, 38, false, 'AU'),
(35, 38, false, 'NG'),
(36, 38, true, 'SA'),
(8, 38, false, 'EC'),
(3, 38, false, 'UY'),
(4, 38, false, 'PY'),
(10, 38, false, 'VE'),
(11, 38, false, 'GY'),
(12, 38, false, 'SR'),
(13, 38, false, 'GF');

-- Q39: A religião predominante no país é o islamismo?
INSERT IGNORE INTO country_features (country_id, question_id, is_true, iso_code) VALUES
(1, 39, false, 'BR'),
(14, 39, false, 'US'),
(15, 39, false, 'CA'),
(16, 39, false, 'MX'),
(2, 39, false, 'AR'),
(6, 39, false, 'CL'),
(7, 39, false, 'PE'),
(9, 39, false, 'CO'),
(5, 39, false, 'BO'),
(17, 39, false, 'DE'),
(18, 39, false, 'FR'),
(19, 39, false, 'ES'),
(20, 39, false, 'CH'),
(21, 39, false, 'IT'),
(22, 39, false, 'GB'),
(23, 39, false, 'RU'),
(24, 39, false, 'CN'),
(25, 39, false, 'IN'),
(26, 39, false, 'JP'),
(27, 39, false, 'KR'),
(28, 39, false, 'TH'),
(29, 39, true, 'ID'),
(30, 39, false, 'NZ'),
(31, 39, true, 'EG'),
(32, 39, false, 'ZA'),
(33, 39, true, 'TR'),
(34, 39, false, 'AU'),
(35, 39, false, 'NG'),
(36, 39, true, 'SA'),
(8, 39, false, 'EC'),
(3, 39, false, 'UY'),
(4, 39, false, 'PY'),
(10, 39, false, 'VE'),
(11, 39, false, 'GY'),
(12, 39, false, 'SR'),
(13, 39, false, 'GF');
